{
  "rmse": 15.059619283677291,
  "mae": 13.31161692582152,
  "r2": -3.16153021585866
}