{
  "rmse": 13.472677201233372,
  "mae": 4.367900114188724,
  "r2": -2.3715556764619965
}