{
  "rmse": 4.21439742203164,
  "mae": 2.887636240790872,
  "r2": 0.6700915022325267
}