{
  "rmse": 66.42398685360482,
  "mae": 62.08748294085796,
  "r2": -79.96082865954669
}