{
  "rmse": 2.4265785490719822,
  "mae": 1.8507022933105757,
  "r2": 0.8906267202924193
}