{
  "rmse": 5.979939850316171,
  "mae": 3.7500758502572618,
  "r2": 0.33577356117529
}