{
  "rmse": 9.873294737719483,
  "mae": 7.312744470010282,
  "r2": -1.1765246425427303
}