{
  "rmse": 1.8745147152242645,
  "mae": 1.4820492444683522,
  "r2": 0.9213776818099774
}