{
  "rmse": 2.8365335239914904,
  "mae": 1.6141984577484947,
  "r2": 0.81997037443479
}