{
  "rmse": 10.865031046526509,
  "mae": 8.22282598896779,
  "r2": -1.6357324796013093
}