{
  "rmse": 1.698388162655323,
  "mae": 1.0039079725782545,
  "r2": 0.9354580555386292
}