{
  "rmse": 2.8110810371552937,
  "mae": 1.5742170925446373,
  "r2": 0.8231867252158495
}