{
  "rmse": 966.2681930398956,
  "mae": 738.929781992226,
  "r2": -1.4081072532450776
}