{
  "rmse": 79.10402738278475,
  "mae": 64.14044081819677,
  "r2": 0.9838169918134612
}