{
  "rmse": 842.7501660556665,
  "mae": 583.079028450869,
  "r2": -0.8367910611924136
}