{
  "rmse": 975.7553896781808,
  "mae": 737.6082486461132,
  "r2": -1.455626862344272
}