{
  "rmse": 822.5435487493775,
  "mae": 560.1979851257908,
  "r2": -0.7497655620222836
}