{
  "rmse": 844.2712765148452,
  "mae": 583.9425938244171,
  "r2": -0.8434276272094827
}